,product_names,product_prices_feb(2023),product_ratings_feb(2023)
0,Apple AirPods (2nd Generation) Wireless Earbuds with Lightning Charging Case Included,91.08,4.8
1,Apple EarPods Headphones with Lightning Connector,16.22,4.6
2,"Apple AirPods Pro (2nd Generation) Wireless Earbuds, Up to 2X More Active Noise Cancelling, Adaptive Transparency, Personalized Spatial Audio, MagSafe Charging Case, Bluetooth Headphones for iPhone",202.76,4.7
3,Apple Lightning to 3.5 mm Headphone Jack Adapter,13.95,4.7
4,"TOZO A1 Mini Wireless Earbuds Bluetooth 5.3 in Ear Light-Weight Headphones Built-in Microphone, IPX5 Waterproof, Immersive Premium Sound Long Distance Connection Headset with Charging Case, Black",15.29,4.3
5,Apple EarPods Headphones with 3.5mm Plug,16.99,4.6
6,TOZO T6 True Wireless Earbuds Bluetooth 5.3 Headphones Touch Control with Wireless Charging Case IPX8 Waterproof Stereo Earphones in-Ear Built-in Mic Headset Premium Deep Bass Black (2022 Upgraded),26.99,4.4
7,"Sony ZX Series Wired On-Ear Headphones, Black MDR-ZX110",6.00,4.5
8,TOZO T10 Bluetooth 5.3 Wireless Earbuds with Wireless Charging Case IPX8 Waterproof Stereo Headphones in Ear Built in Mic Headset Premium Sound with Deep Bass for Sport Black (2022 Upgraded),23.99,4.3
9,JBL VIBE 100 TWS - True Wireless In-Ear Headphones - Black,47.99,4.3
10,"Soundcore Anker Life Q20 Hybrid Active Noise Cancelling Headphones, Wireless Over Ear Bluetooth Headphones, 40H Playtime, Hi-Res Audio, Deep Bass, Memory Foam Ear Cups, for Travel, Home Office",59.99,4.5
11,"[3 Pairs] Replacement Ear Tips for Airpods Pro and Airpods Pro 2nd Generation with Noise Reduction Hole, Silicone Ear Tips for Airpods Pro with Portable Storage Box and Fit in The Charging Case(S/M/L)",9.99,4.3
12,JBL Tune 130NC TWS True Wireless In-Ear Noise Cancelling Headphones - Black,42.99,4.3
13,"Beats Solo3 Wireless On-Ear Headphones - Apple W1 Headphone Chip, Class 1 Bluetooth, 40 Hours of Listening Time, Built-in Microphone - Black (Latest Model)",119.55,4.7
14,TAGRY Bluetooth Headphones True Wireless Earbuds 60H Playback LED Power Display Earphones with Wireless Charging Case IPX5 Waterproof in-Ear Earbuds with Mic for TV Smart Phone Computer Laptop Sports,29.73,4.5
15,"Amazon Basics 3.5 mm Male to Male Stereo Audio Cable, 8 Feet, 2.4 Meters, Speaker",7.19,4.6
16,"Perytong Sleep Headphones Wireless, Bluetooth Sports Headband Headphones with Ultra-Thin HD Stereo Speakers Perfect for Sleeping,Workout,Jogging,Yoga,Insomnia, Air Travel, Meditation, Grey",19.99,4.3
17,"TOZO A3 Wireless Earbuds Bluetooth 5.3 Half in-Ear Lightweight Headsets with Digital Call Noise Reduction,Charging Case with Reset Button Hall Detection,Premium Sound with Long Endurance,White",16.99,4.4
18,"DOBOPO Wireless Earbuds Bluetooth 5.3 Headphones 50Hrs Playtime Sports Earphones Over-Ear Earhooks Headset with LED Display, ENC Mic, IP7 Waterproof for Workout, Running, Gym (2023 New",29.96,4.8
19,"Amazon Basics In-Ear Wired Headphones, Earbuds with Microphone, Black",8.99,4.2
20,TAGRY Bluetooth Headphones True Wireless Earbuds 60H Playback LED Power Display Earphones with Wireless Charging Case IPX5 Waterproof in-Ear Earbuds with Mic for TV Smart Phone Computer Laptop Sports,29.73,4.5
21,GOLREX Bluetooth Headphones Wireless Earbuds 36Hrs Playtime Wireless Charging Case Digital LED Display Over-Ear Earphones with Earhook Waterproof Headset with Mic for Sport Running Workout Black,29.99,4.7
22,"JLab Go Air Pop True Wireless Bluetooth Earbuds + Charging Case | Slate | Dual Connect | IPX4 Sweat Resistance | Bluetooth 5.1 Connection | 3 EQ Sound Settings Signature, Balanced, Bass Boost",19.99,4.4
23,"Lightning to 3.5 mm Headphone Jack Adapter, [Apple MFi Certified] 3 Pack iPhone 3.5mm Headphones/Earphones Jack Aux Audio Dongle Adapter Compatible for iPhone 14 13 12 11 XS XR X 8 7, Support All iOS",10.98,3.8
24,Apple USB-C to 3.5 mm Headphone Jack Adapter,13.99,4.5
25,Wireless Earbuds Bluetooth Headphones 60H Playtime Ear Buds with LED Power Display Charging Case Earphones in-Ear Earbud with Microphone for Android Cell Phone Gaming Computer Laptop Sport Black,25.49,4.8
26,Wireless Earbuds Bluetooth Headphones 130Hrs Playtime with 2500mAh Wireless Charging Case LED Diaplay Hi-Fi Waterproof Over Ear Earphones for Sports Running Workout Gaming,36.99,4.9
27,"Wireless Earbuds, Bluetooth 5.3 Earbuds with 43H Playtime, IPX6 Waterproof Stereo Sound True Wireless Earbuds with Microphone, Bluetooth Headphones for Sport and Working",25.99,4.4
28,sephia SP3060 Earbuds Wired in Ear Headphones with Tangle-Free Cord Noise Isolating Earphones Deep Bass Case Ear Buds 3.5 mm Jack Plug,14.95,4.3
29,"TOZO NC2 Hybrid Active Noise Cancelling Wireless Earbuds, in-Ear Detection Headphones, IPX6 Waterproof Bluetooth 5.2 Stereo Earphones, Immersive Sound Premium Deep Bass Headset, Black",33.98,4.3
30,Apple AirPods (2nd Generation) Wireless Earbuds with Lightning Charging Case Included,91.08,4.8
31,Apple EarPods Headphones with Lightning Connector,16.22,4.6
32,"Apple AirPods Pro (2nd Generation) Wireless Earbuds, Up to 2X More Active Noise Cancelling, Adaptive Transparency, Personalized Spatial Audio, MagSafe Charging Case, Bluetooth Headphones for iPhone",202.76,4.7
33,Apple Lightning to 3.5 mm Headphone Jack Adapter,13.95,4.7
34,"TOZO A1 Mini Wireless Earbuds Bluetooth 5.3 in Ear Light-Weight Headphones Built-in Microphone, IPX5 Waterproof, Immersive Premium Sound Long Distance Connection Headset with Charging Case, Black",15.29,4.3
35,Apple EarPods Headphones with 3.5mm Plug,16.99,4.6
36,TOZO T6 True Wireless Earbuds Bluetooth 5.3 Headphones Touch Control with Wireless Charging Case IPX8 Waterproof Stereo Earphones in-Ear Built-in Mic Headset Premium Deep Bass Black (2022 Upgraded),26.99,4.4
37,"Sony ZX Series Wired On-Ear Headphones, Black MDR-ZX110",6.00,4.5
38,TOZO T10 Bluetooth 5.3 Wireless Earbuds with Wireless Charging Case IPX8 Waterproof Stereo Headphones in Ear Built in Mic Headset Premium Sound with Deep Bass for Sport Black (2022 Upgraded),23.99,4.3
39,JBL VIBE 100 TWS - True Wireless In-Ear Headphones - Black,47.99,4.3
40,"Soundcore Anker Life Q20 Hybrid Active Noise Cancelling Headphones, Wireless Over Ear Bluetooth Headphones, 40H Playtime, Hi-Res Audio, Deep Bass, Memory Foam Ear Cups, for Travel, Home Office",59.99,4.5
41,"[3 Pairs] Replacement Ear Tips for Airpods Pro and Airpods Pro 2nd Generation with Noise Reduction Hole, Silicone Ear Tips for Airpods Pro with Portable Storage Box and Fit in The Charging Case(S/M/L)",9.99,4.3
42,JBL Tune 130NC TWS True Wireless In-Ear Noise Cancelling Headphones - Black,42.99,4.3
43,"Beats Solo3 Wireless On-Ear Headphones - Apple W1 Headphone Chip, Class 1 Bluetooth, 40 Hours of Listening Time, Built-in Microphone - Black (Latest Model)",119.55,4.7
44,TAGRY Bluetooth Headphones True Wireless Earbuds 60H Playback LED Power Display Earphones with Wireless Charging Case IPX5 Waterproof in-Ear Earbuds with Mic for TV Smart Phone Computer Laptop Sports,29.73,4.5
45,"Amazon Basics 3.5 mm Male to Male Stereo Audio Cable, 8 Feet, 2.4 Meters, Speaker",7.19,4.6
46,"Perytong Sleep Headphones Wireless, Bluetooth Sports Headband Headphones with Ultra-Thin HD Stereo Speakers Perfect for Sleeping,Workout,Jogging,Yoga,Insomnia, Air Travel, Meditation, Grey",19.99,4.3
47,"TOZO A3 Wireless Earbuds Bluetooth 5.3 Half in-Ear Lightweight Headsets with Digital Call Noise Reduction,Charging Case with Reset Button Hall Detection,Premium Sound with Long Endurance,White",16.99,4.4
48,"DOBOPO Wireless Earbuds Bluetooth 5.3 Headphones 50Hrs Playtime Sports Earphones Over-Ear Earhooks Headset with LED Display, ENC Mic, IP7 Waterproof for Workout, Running, Gym (2023 New",29.96,4.8
49,"Amazon Basics In-Ear Wired Headphones, Earbuds with Microphone, Black",8.99,4.2
50,TAGRY Bluetooth Headphones True Wireless Earbuds 60H Playback LED Power Display Earphones with Wireless Charging Case IPX5 Waterproof in-Ear Earbuds with Mic for TV Smart Phone Computer Laptop Sports,29.73,4.5
51,GOLREX Bluetooth Headphones Wireless Earbuds 36Hrs Playtime Wireless Charging Case Digital LED Display Over-Ear Earphones with Earhook Waterproof Headset with Mic for Sport Running Workout Black,29.99,4.7
52,"JLab Go Air Pop True Wireless Bluetooth Earbuds + Charging Case | Slate | Dual Connect | IPX4 Sweat Resistance | Bluetooth 5.1 Connection | 3 EQ Sound Settings Signature, Balanced, Bass Boost",19.99,4.4
53,"Lightning to 3.5 mm Headphone Jack Adapter, [Apple MFi Certified] 3 Pack iPhone 3.5mm Headphones/Earphones Jack Aux Audio Dongle Adapter Compatible for iPhone 14 13 12 11 XS XR X 8 7, Support All iOS",10.98,3.8
54,Apple USB-C to 3.5 mm Headphone Jack Adapter,13.99,4.5
55,Wireless Earbuds Bluetooth Headphones 60H Playtime Ear Buds with LED Power Display Charging Case Earphones in-Ear Earbud with Microphone for Android Cell Phone Gaming Computer Laptop Sport Black,25.49,4.8
56,Wireless Earbuds Bluetooth Headphones 130Hrs Playtime with 2500mAh Wireless Charging Case LED Diaplay Hi-Fi Waterproof Over Ear Earphones for Sports Running Workout Gaming,36.99,4.9
57,"Wireless Earbuds, Bluetooth 5.3 Earbuds with 43H Playtime, IPX6 Waterproof Stereo Sound True Wireless Earbuds with Microphone, Bluetooth Headphones for Sport and Working",25.99,4.4
58,sephia SP3060 Earbuds Wired in Ear Headphones with Tangle-Free Cord Noise Isolating Earphones Deep Bass Case Ear Buds 3.5 mm Jack Plug,14.95,4.3
59,"TOZO NC2 Hybrid Active Noise Cancelling Wireless Earbuds, in-Ear Detection Headphones, IPX6 Waterproof Bluetooth 5.2 Stereo Earphones, Immersive Sound Premium Deep Bass Headset, Black",33.98,4.3
60,Apple AirPods (2nd Generation) Wireless Earbuds with Lightning Charging Case Included,91.08,4.8
61,Apple EarPods Headphones with Lightning Connector,16.22,4.6
62,"Apple AirPods Pro (2nd Generation) Wireless Earbuds, Up to 2X More Active Noise Cancelling, Adaptive Transparency, Personalized Spatial Audio, MagSafe Charging Case, Bluetooth Headphones for iPhone",202.76,4.7
63,Apple Lightning to 3.5 mm Headphone Jack Adapter,13.95,4.7
64,"TOZO A1 Mini Wireless Earbuds Bluetooth 5.3 in Ear Light-Weight Headphones Built-in Microphone, IPX5 Waterproof, Immersive Premium Sound Long Distance Connection Headset with Charging Case, Black",15.29,4.3
65,Apple EarPods Headphones with 3.5mm Plug,16.99,4.6
66,TOZO T6 True Wireless Earbuds Bluetooth 5.3 Headphones Touch Control with Wireless Charging Case IPX8 Waterproof Stereo Earphones in-Ear Built-in Mic Headset Premium Deep Bass Black (2022 Upgraded),26.99,4.4
67,"Sony ZX Series Wired On-Ear Headphones, Black MDR-ZX110",6.00,4.5
68,TOZO T10 Bluetooth 5.3 Wireless Earbuds with Wireless Charging Case IPX8 Waterproof Stereo Headphones in Ear Built in Mic Headset Premium Sound with Deep Bass for Sport Black (2022 Upgraded),23.99,4.3
69,JBL VIBE 100 TWS - True Wireless In-Ear Headphones - Black,47.99,4.3
70,"Soundcore Anker Life Q20 Hybrid Active Noise Cancelling Headphones, Wireless Over Ear Bluetooth Headphones, 40H Playtime, Hi-Res Audio, Deep Bass, Memory Foam Ear Cups, for Travel, Home Office",59.99,4.5
71,"[3 Pairs] Replacement Ear Tips for Airpods Pro and Airpods Pro 2nd Generation with Noise Reduction Hole, Silicone Ear Tips for Airpods Pro with Portable Storage Box and Fit in The Charging Case(S/M/L)",9.99,4.3
72,JBL Tune 130NC TWS True Wireless In-Ear Noise Cancelling Headphones - Black,42.99,4.3
73,"Beats Solo3 Wireless On-Ear Headphones - Apple W1 Headphone Chip, Class 1 Bluetooth, 40 Hours of Listening Time, Built-in Microphone - Black (Latest Model)",119.55,4.7
74,TAGRY Bluetooth Headphones True Wireless Earbuds 60H Playback LED Power Display Earphones with Wireless Charging Case IPX5 Waterproof in-Ear Earbuds with Mic for TV Smart Phone Computer Laptop Sports,29.73,4.5
75,"Amazon Basics 3.5 mm Male to Male Stereo Audio Cable, 8 Feet, 2.4 Meters, Speaker",7.19,4.6
76,"Perytong Sleep Headphones Wireless, Bluetooth Sports Headband Headphones with Ultra-Thin HD Stereo Speakers Perfect for Sleeping,Workout,Jogging,Yoga,Insomnia, Air Travel, Meditation, Grey",19.99,4.3
77,"TOZO A3 Wireless Earbuds Bluetooth 5.3 Half in-Ear Lightweight Headsets with Digital Call Noise Reduction,Charging Case with Reset Button Hall Detection,Premium Sound with Long Endurance,White",16.99,4.4
78,"DOBOPO Wireless Earbuds Bluetooth 5.3 Headphones 50Hrs Playtime Sports Earphones Over-Ear Earhooks Headset with LED Display, ENC Mic, IP7 Waterproof for Workout, Running, Gym (2023 New",29.96,4.8
79,"Amazon Basics In-Ear Wired Headphones, Earbuds with Microphone, Black",8.99,4.2
80,TAGRY Bluetooth Headphones True Wireless Earbuds 60H Playback LED Power Display Earphones with Wireless Charging Case IPX5 Waterproof in-Ear Earbuds with Mic for TV Smart Phone Computer Laptop Sports,29.73,4.5
81,GOLREX Bluetooth Headphones Wireless Earbuds 36Hrs Playtime Wireless Charging Case Digital LED Display Over-Ear Earphones with Earhook Waterproof Headset with Mic for Sport Running Workout Black,29.99,4.7
82,"JLab Go Air Pop True Wireless Bluetooth Earbuds + Charging Case | Slate | Dual Connect | IPX4 Sweat Resistance | Bluetooth 5.1 Connection | 3 EQ Sound Settings Signature, Balanced, Bass Boost",19.99,4.4
83,"Lightning to 3.5 mm Headphone Jack Adapter, [Apple MFi Certified] 3 Pack iPhone 3.5mm Headphones/Earphones Jack Aux Audio Dongle Adapter Compatible for iPhone 14 13 12 11 XS XR X 8 7, Support All iOS",10.98,3.8
84,Apple USB-C to 3.5 mm Headphone Jack Adapter,13.99,4.5
85,Wireless Earbuds Bluetooth Headphones 60H Playtime Ear Buds with LED Power Display Charging Case Earphones in-Ear Earbud with Microphone for Android Cell Phone Gaming Computer Laptop Sport Black,25.49,4.8
86,Wireless Earbuds Bluetooth Headphones 130Hrs Playtime with 2500mAh Wireless Charging Case LED Diaplay Hi-Fi Waterproof Over Ear Earphones for Sports Running Workout Gaming,36.99,4.9
87,"Wireless Earbuds, Bluetooth 5.3 Earbuds with 43H Playtime, IPX6 Waterproof Stereo Sound True Wireless Earbuds with Microphone, Bluetooth Headphones for Sport and Working",25.99,4.4
88,sephia SP3060 Earbuds Wired in Ear Headphones with Tangle-Free Cord Noise Isolating Earphones Deep Bass Case Ear Buds 3.5 mm Jack Plug,14.95,4.3
89,"TOZO NC2 Hybrid Active Noise Cancelling Wireless Earbuds, in-Ear Detection Headphones, IPX6 Waterproof Bluetooth 5.2 Stereo Earphones, Immersive Sound Premium Deep Bass Headset, Black",33.98,4.3
90,Apple AirPods (2nd Generation) Wireless Earbuds with Lightning Charging Case Included,91.08,4.8
91,Apple EarPods Headphones with Lightning Connector,16.22,4.6
92,"Apple AirPods Pro (2nd Generation) Wireless Earbuds, Up to 2X More Active Noise Cancelling, Adaptive Transparency, Personalized Spatial Audio, MagSafe Charging Case, Bluetooth Headphones for iPhone",202.76,4.7
93,Apple Lightning to 3.5 mm Headphone Jack Adapter,13.95,4.7
94,"TOZO A1 Mini Wireless Earbuds Bluetooth 5.3 in Ear Light-Weight Headphones Built-in Microphone, IPX5 Waterproof, Immersive Premium Sound Long Distance Connection Headset with Charging Case, Black",15.29,4.3
95,Apple EarPods Headphones with 3.5mm Plug,16.99,4.6
96,TOZO T6 True Wireless Earbuds Bluetooth 5.3 Headphones Touch Control with Wireless Charging Case IPX8 Waterproof Stereo Earphones in-Ear Built-in Mic Headset Premium Deep Bass Black (2022 Upgraded),26.99,4.4
97,"Sony ZX Series Wired On-Ear Headphones, Black MDR-ZX110",6.00,4.5
98,TOZO T10 Bluetooth 5.3 Wireless Earbuds with Wireless Charging Case IPX8 Waterproof Stereo Headphones in Ear Built in Mic Headset Premium Sound with Deep Bass for Sport Black (2022 Upgraded),23.99,4.3
99,JBL VIBE 100 TWS - True Wireless In-Ear Headphones - Black,47.99,4.3
100,"Soundcore Anker Life Q20 Hybrid Active Noise Cancelling Headphones, Wireless Over Ear Bluetooth Headphones, 40H Playtime, Hi-Res Audio, Deep Bass, Memory Foam Ear Cups, for Travel, Home Office",59.99,4.5
101,"[3 Pairs] Replacement Ear Tips for Airpods Pro and Airpods Pro 2nd Generation with Noise Reduction Hole, Silicone Ear Tips for Airpods Pro with Portable Storage Box and Fit in The Charging Case(S/M/L)",9.99,4.3
102,JBL Tune 130NC TWS True Wireless In-Ear Noise Cancelling Headphones - Black,42.99,4.3
103,"Beats Solo3 Wireless On-Ear Headphones - Apple W1 Headphone Chip, Class 1 Bluetooth, 40 Hours of Listening Time, Built-in Microphone - Black (Latest Model)",119.55,4.7
104,TAGRY Bluetooth Headphones True Wireless Earbuds 60H Playback LED Power Display Earphones with Wireless Charging Case IPX5 Waterproof in-Ear Earbuds with Mic for TV Smart Phone Computer Laptop Sports,29.73,4.5
105,"Amazon Basics 3.5 mm Male to Male Stereo Audio Cable, 8 Feet, 2.4 Meters, Speaker",7.19,4.6
106,"Perytong Sleep Headphones Wireless, Bluetooth Sports Headband Headphones with Ultra-Thin HD Stereo Speakers Perfect for Sleeping,Workout,Jogging,Yoga,Insomnia, Air Travel, Meditation, Grey",19.99,4.3
107,"TOZO A3 Wireless Earbuds Bluetooth 5.3 Half in-Ear Lightweight Headsets with Digital Call Noise Reduction,Charging Case with Reset Button Hall Detection,Premium Sound with Long Endurance,White",16.99,4.4
108,"DOBOPO Wireless Earbuds Bluetooth 5.3 Headphones 50Hrs Playtime Sports Earphones Over-Ear Earhooks Headset with LED Display, ENC Mic, IP7 Waterproof for Workout, Running, Gym (2023 New",29.96,4.8
109,"Amazon Basics In-Ear Wired Headphones, Earbuds with Microphone, Black",8.99,4.2
110,TAGRY Bluetooth Headphones True Wireless Earbuds 60H Playback LED Power Display Earphones with Wireless Charging Case IPX5 Waterproof in-Ear Earbuds with Mic for TV Smart Phone Computer Laptop Sports,29.73,4.5
111,GOLREX Bluetooth Headphones Wireless Earbuds 36Hrs Playtime Wireless Charging Case Digital LED Display Over-Ear Earphones with Earhook Waterproof Headset with Mic for Sport Running Workout Black,29.99,4.7
112,"JLab Go Air Pop True Wireless Bluetooth Earbuds + Charging Case | Slate | Dual Connect | IPX4 Sweat Resistance | Bluetooth 5.1 Connection | 3 EQ Sound Settings Signature, Balanced, Bass Boost",19.99,4.4
113,"Lightning to 3.5 mm Headphone Jack Adapter, [Apple MFi Certified] 3 Pack iPhone 3.5mm Headphones/Earphones Jack Aux Audio Dongle Adapter Compatible for iPhone 14 13 12 11 XS XR X 8 7, Support All iOS",10.98,3.8
114,Apple USB-C to 3.5 mm Headphone Jack Adapter,13.99,4.5
115,Wireless Earbuds Bluetooth Headphones 60H Playtime Ear Buds with LED Power Display Charging Case Earphones in-Ear Earbud with Microphone for Android Cell Phone Gaming Computer Laptop Sport Black,25.49,4.8
116,Wireless Earbuds Bluetooth Headphones 130Hrs Playtime with 2500mAh Wireless Charging Case LED Diaplay Hi-Fi Waterproof Over Ear Earphones for Sports Running Workout Gaming,36.99,4.9
117,"Wireless Earbuds, Bluetooth 5.3 Earbuds with 43H Playtime, IPX6 Waterproof Stereo Sound True Wireless Earbuds with Microphone, Bluetooth Headphones for Sport and Working",25.99,4.4
118,sephia SP3060 Earbuds Wired in Ear Headphones with Tangle-Free Cord Noise Isolating Earphones Deep Bass Case Ear Buds 3.5 mm Jack Plug,14.95,4.3
119,"TOZO NC2 Hybrid Active Noise Cancelling Wireless Earbuds, in-Ear Detection Headphones, IPX6 Waterproof Bluetooth 5.2 Stereo Earphones, Immersive Sound Premium Deep Bass Headset, Black",33.98,4.3
120,Apple AirPods (2nd Generation) Wireless Earbuds with Lightning Charging Case Included,91.08,4.8
121,Apple EarPods Headphones with Lightning Connector,16.22,4.6
122,"Apple AirPods Pro (2nd Generation) Wireless Earbuds, Up to 2X More Active Noise Cancelling, Adaptive Transparency, Personalized Spatial Audio, MagSafe Charging Case, Bluetooth Headphones for iPhone",202.76,4.7
123,Apple Lightning to 3.5 mm Headphone Jack Adapter,13.95,4.7
124,"TOZO A1 Mini Wireless Earbuds Bluetooth 5.3 in Ear Light-Weight Headphones Built-in Microphone, IPX5 Waterproof, Immersive Premium Sound Long Distance Connection Headset with Charging Case, Black",15.29,4.3
125,Apple EarPods Headphones with 3.5mm Plug,16.99,4.6
126,TOZO T6 True Wireless Earbuds Bluetooth 5.3 Headphones Touch Control with Wireless Charging Case IPX8 Waterproof Stereo Earphones in-Ear Built-in Mic Headset Premium Deep Bass Black (2022 Upgraded),26.99,4.4
127,"Sony ZX Series Wired On-Ear Headphones, Black MDR-ZX110",6.00,4.5
128,TOZO T10 Bluetooth 5.3 Wireless Earbuds with Wireless Charging Case IPX8 Waterproof Stereo Headphones in Ear Built in Mic Headset Premium Sound with Deep Bass for Sport Black (2022 Upgraded),23.99,4.3
129,JBL VIBE 100 TWS - True Wireless In-Ear Headphones - Black,47.99,4.3
130,"Soundcore Anker Life Q20 Hybrid Active Noise Cancelling Headphones, Wireless Over Ear Bluetooth Headphones, 40H Playtime, Hi-Res Audio, Deep Bass, Memory Foam Ear Cups, for Travel, Home Office",59.99,4.5
131,"[3 Pairs] Replacement Ear Tips for Airpods Pro and Airpods Pro 2nd Generation with Noise Reduction Hole, Silicone Ear Tips for Airpods Pro with Portable Storage Box and Fit in The Charging Case(S/M/L)",9.99,4.3
132,JBL Tune 130NC TWS True Wireless In-Ear Noise Cancelling Headphones - Black,42.99,4.3
133,"Beats Solo3 Wireless On-Ear Headphones - Apple W1 Headphone Chip, Class 1 Bluetooth, 40 Hours of Listening Time, Built-in Microphone - Black (Latest Model)",119.55,4.7
134,TAGRY Bluetooth Headphones True Wireless Earbuds 60H Playback LED Power Display Earphones with Wireless Charging Case IPX5 Waterproof in-Ear Earbuds with Mic for TV Smart Phone Computer Laptop Sports,29.73,4.5
135,"Amazon Basics 3.5 mm Male to Male Stereo Audio Cable, 8 Feet, 2.4 Meters, Speaker",7.19,4.6
136,"Perytong Sleep Headphones Wireless, Bluetooth Sports Headband Headphones with Ultra-Thin HD Stereo Speakers Perfect for Sleeping,Workout,Jogging,Yoga,Insomnia, Air Travel, Meditation, Grey",19.99,4.3
137,"TOZO A3 Wireless Earbuds Bluetooth 5.3 Half in-Ear Lightweight Headsets with Digital Call Noise Reduction,Charging Case with Reset Button Hall Detection,Premium Sound with Long Endurance,White",16.99,4.4
138,"DOBOPO Wireless Earbuds Bluetooth 5.3 Headphones 50Hrs Playtime Sports Earphones Over-Ear Earhooks Headset with LED Display, ENC Mic, IP7 Waterproof for Workout, Running, Gym (2023 New",29.96,4.8
139,"Amazon Basics In-Ear Wired Headphones, Earbuds with Microphone, Black",8.99,4.2
140,TAGRY Bluetooth Headphones True Wireless Earbuds 60H Playback LED Power Display Earphones with Wireless Charging Case IPX5 Waterproof in-Ear Earbuds with Mic for TV Smart Phone Computer Laptop Sports,29.73,4.5
141,GOLREX Bluetooth Headphones Wireless Earbuds 36Hrs Playtime Wireless Charging Case Digital LED Display Over-Ear Earphones with Earhook Waterproof Headset with Mic for Sport Running Workout Black,29.99,4.7
142,"JLab Go Air Pop True Wireless Bluetooth Earbuds + Charging Case | Slate | Dual Connect | IPX4 Sweat Resistance | Bluetooth 5.1 Connection | 3 EQ Sound Settings Signature, Balanced, Bass Boost",19.99,4.4
143,"Lightning to 3.5 mm Headphone Jack Adapter, [Apple MFi Certified] 3 Pack iPhone 3.5mm Headphones/Earphones Jack Aux Audio Dongle Adapter Compatible for iPhone 14 13 12 11 XS XR X 8 7, Support All iOS",10.98,3.8
144,Apple USB-C to 3.5 mm Headphone Jack Adapter,13.99,4.5
145,Wireless Earbuds Bluetooth Headphones 60H Playtime Ear Buds with LED Power Display Charging Case Earphones in-Ear Earbud with Microphone for Android Cell Phone Gaming Computer Laptop Sport Black,25.49,4.8
146,Wireless Earbuds Bluetooth Headphones 130Hrs Playtime with 2500mAh Wireless Charging Case LED Diaplay Hi-Fi Waterproof Over Ear Earphones for Sports Running Workout Gaming,36.99,4.9
147,"Wireless Earbuds, Bluetooth 5.3 Earbuds with 43H Playtime, IPX6 Waterproof Stereo Sound True Wireless Earbuds with Microphone, Bluetooth Headphones for Sport and Working",25.99,4.4
148,sephia SP3060 Earbuds Wired in Ear Headphones with Tangle-Free Cord Noise Isolating Earphones Deep Bass Case Ear Buds 3.5 mm Jack Plug,14.95,4.3
149,"TOZO NC2 Hybrid Active Noise Cancelling Wireless Earbuds, in-Ear Detection Headphones, IPX6 Waterproof Bluetooth 5.2 Stereo Earphones, Immersive Sound Premium Deep Bass Headset, Black",33.98,4.3
150,Apple AirPods (2nd Generation) Wireless Earbuds with Lightning Charging Case Included,91.08,4.8
151,Apple EarPods Headphones with Lightning Connector,16.22,4.6
152,"Apple AirPods Pro (2nd Generation) Wireless Earbuds, Up to 2X More Active Noise Cancelling, Adaptive Transparency, Personalized Spatial Audio, MagSafe Charging Case, Bluetooth Headphones for iPhone",202.76,4.7
153,Apple Lightning to 3.5 mm Headphone Jack Adapter,13.95,4.7
154,"TOZO A1 Mini Wireless Earbuds Bluetooth 5.3 in Ear Light-Weight Headphones Built-in Microphone, IPX5 Waterproof, Immersive Premium Sound Long Distance Connection Headset with Charging Case, Black",15.29,4.3
155,Apple EarPods Headphones with 3.5mm Plug,16.99,4.6
156,TOZO T6 True Wireless Earbuds Bluetooth 5.3 Headphones Touch Control with Wireless Charging Case IPX8 Waterproof Stereo Earphones in-Ear Built-in Mic Headset Premium Deep Bass Black (2022 Upgraded),26.99,4.4
157,"Sony ZX Series Wired On-Ear Headphones, Black MDR-ZX110",6.00,4.5
158,TOZO T10 Bluetooth 5.3 Wireless Earbuds with Wireless Charging Case IPX8 Waterproof Stereo Headphones in Ear Built in Mic Headset Premium Sound with Deep Bass for Sport Black (2022 Upgraded),23.99,4.3
159,JBL VIBE 100 TWS - True Wireless In-Ear Headphones - Black,47.99,4.3
160,"Soundcore Anker Life Q20 Hybrid Active Noise Cancelling Headphones, Wireless Over Ear Bluetooth Headphones, 40H Playtime, Hi-Res Audio, Deep Bass, Memory Foam Ear Cups, for Travel, Home Office",59.99,4.5
161,"[3 Pairs] Replacement Ear Tips for Airpods Pro and Airpods Pro 2nd Generation with Noise Reduction Hole, Silicone Ear Tips for Airpods Pro with Portable Storage Box and Fit in The Charging Case(S/M/L)",9.99,4.3
162,JBL Tune 130NC TWS True Wireless In-Ear Noise Cancelling Headphones - Black,42.99,4.3
163,"Beats Solo3 Wireless On-Ear Headphones - Apple W1 Headphone Chip, Class 1 Bluetooth, 40 Hours of Listening Time, Built-in Microphone - Black (Latest Model)",119.55,4.7
164,TAGRY Bluetooth Headphones True Wireless Earbuds 60H Playback LED Power Display Earphones with Wireless Charging Case IPX5 Waterproof in-Ear Earbuds with Mic for TV Smart Phone Computer Laptop Sports,29.73,4.5
165,"Amazon Basics 3.5 mm Male to Male Stereo Audio Cable, 8 Feet, 2.4 Meters, Speaker",7.19,4.6
166,"Perytong Sleep Headphones Wireless, Bluetooth Sports Headband Headphones with Ultra-Thin HD Stereo Speakers Perfect for Sleeping,Workout,Jogging,Yoga,Insomnia, Air Travel, Meditation, Grey",19.99,4.3
167,"TOZO A3 Wireless Earbuds Bluetooth 5.3 Half in-Ear Lightweight Headsets with Digital Call Noise Reduction,Charging Case with Reset Button Hall Detection,Premium Sound with Long Endurance,White",16.99,4.4
168,"DOBOPO Wireless Earbuds Bluetooth 5.3 Headphones 50Hrs Playtime Sports Earphones Over-Ear Earhooks Headset with LED Display, ENC Mic, IP7 Waterproof for Workout, Running, Gym (2023 New",29.96,4.8
169,"Amazon Basics In-Ear Wired Headphones, Earbuds with Microphone, Black",8.99,4.2
170,TAGRY Bluetooth Headphones True Wireless Earbuds 60H Playback LED Power Display Earphones with Wireless Charging Case IPX5 Waterproof in-Ear Earbuds with Mic for TV Smart Phone Computer Laptop Sports,29.73,4.5
171,GOLREX Bluetooth Headphones Wireless Earbuds 36Hrs Playtime Wireless Charging Case Digital LED Display Over-Ear Earphones with Earhook Waterproof Headset with Mic for Sport Running Workout Black,29.99,4.7
172,"JLab Go Air Pop True Wireless Bluetooth Earbuds + Charging Case | Slate | Dual Connect | IPX4 Sweat Resistance | Bluetooth 5.1 Connection | 3 EQ Sound Settings Signature, Balanced, Bass Boost",19.99,4.4
173,"Lightning to 3.5 mm Headphone Jack Adapter, [Apple MFi Certified] 3 Pack iPhone 3.5mm Headphones/Earphones Jack Aux Audio Dongle Adapter Compatible for iPhone 14 13 12 11 XS XR X 8 7, Support All iOS",10.98,3.8
174,Apple USB-C to 3.5 mm Headphone Jack Adapter,13.99,4.5
175,Wireless Earbuds Bluetooth Headphones 60H Playtime Ear Buds with LED Power Display Charging Case Earphones in-Ear Earbud with Microphone for Android Cell Phone Gaming Computer Laptop Sport Black,25.49,4.8
176,Wireless Earbuds Bluetooth Headphones 130Hrs Playtime with 2500mAh Wireless Charging Case LED Diaplay Hi-Fi Waterproof Over Ear Earphones for Sports Running Workout Gaming,36.99,4.9
177,"Wireless Earbuds, Bluetooth 5.3 Earbuds with 43H Playtime, IPX6 Waterproof Stereo Sound True Wireless Earbuds with Microphone, Bluetooth Headphones for Sport and Working",25.99,4.4
178,sephia SP3060 Earbuds Wired in Ear Headphones with Tangle-Free Cord Noise Isolating Earphones Deep Bass Case Ear Buds 3.5 mm Jack Plug,14.95,4.3
179,"TOZO NC2 Hybrid Active Noise Cancelling Wireless Earbuds, in-Ear Detection Headphones, IPX6 Waterproof Bluetooth 5.2 Stereo Earphones, Immersive Sound Premium Deep Bass Headset, Black",33.98,4.3
180,Apple AirPods (2nd Generation) Wireless Earbuds with Lightning Charging Case Included,91.08,4.8
181,Apple EarPods Headphones with Lightning Connector,16.22,4.6
182,"Apple AirPods Pro (2nd Generation) Wireless Earbuds, Up to 2X More Active Noise Cancelling, Adaptive Transparency, Personalized Spatial Audio, MagSafe Charging Case, Bluetooth Headphones for iPhone",202.76,4.7
183,Apple Lightning to 3.5 mm Headphone Jack Adapter,13.95,4.7
184,"TOZO A1 Mini Wireless Earbuds Bluetooth 5.3 in Ear Light-Weight Headphones Built-in Microphone, IPX5 Waterproof, Immersive Premium Sound Long Distance Connection Headset with Charging Case, Black",15.29,4.3
185,Apple EarPods Headphones with 3.5mm Plug,16.99,4.6
186,TOZO T6 True Wireless Earbuds Bluetooth 5.3 Headphones Touch Control with Wireless Charging Case IPX8 Waterproof Stereo Earphones in-Ear Built-in Mic Headset Premium Deep Bass Black (2022 Upgraded),26.99,4.4
187,"Sony ZX Series Wired On-Ear Headphones, Black MDR-ZX110",6.00,4.5
188,TOZO T10 Bluetooth 5.3 Wireless Earbuds with Wireless Charging Case IPX8 Waterproof Stereo Headphones in Ear Built in Mic Headset Premium Sound with Deep Bass for Sport Black (2022 Upgraded),23.99,4.3
189,JBL VIBE 100 TWS - True Wireless In-Ear Headphones - Black,47.99,4.3
190,"Soundcore Anker Life Q20 Hybrid Active Noise Cancelling Headphones, Wireless Over Ear Bluetooth Headphones, 40H Playtime, Hi-Res Audio, Deep Bass, Memory Foam Ear Cups, for Travel, Home Office",59.99,4.5
191,"[3 Pairs] Replacement Ear Tips for Airpods Pro and Airpods Pro 2nd Generation with Noise Reduction Hole, Silicone Ear Tips for Airpods Pro with Portable Storage Box and Fit in The Charging Case(S/M/L)",9.99,4.3
192,JBL Tune 130NC TWS True Wireless In-Ear Noise Cancelling Headphones - Black,42.99,4.3
193,"Beats Solo3 Wireless On-Ear Headphones - Apple W1 Headphone Chip, Class 1 Bluetooth, 40 Hours of Listening Time, Built-in Microphone - Black (Latest Model)",119.55,4.7
194,TAGRY Bluetooth Headphones True Wireless Earbuds 60H Playback LED Power Display Earphones with Wireless Charging Case IPX5 Waterproof in-Ear Earbuds with Mic for TV Smart Phone Computer Laptop Sports,29.73,4.5
195,"Amazon Basics 3.5 mm Male to Male Stereo Audio Cable, 8 Feet, 2.4 Meters, Speaker",7.19,4.6
196,"Perytong Sleep Headphones Wireless, Bluetooth Sports Headband Headphones with Ultra-Thin HD Stereo Speakers Perfect for Sleeping,Workout,Jogging,Yoga,Insomnia, Air Travel, Meditation, Grey",19.99,4.3
197,"TOZO A3 Wireless Earbuds Bluetooth 5.3 Half in-Ear Lightweight Headsets with Digital Call Noise Reduction,Charging Case with Reset Button Hall Detection,Premium Sound with Long Endurance,White",16.99,4.4
198,"DOBOPO Wireless Earbuds Bluetooth 5.3 Headphones 50Hrs Playtime Sports Earphones Over-Ear Earhooks Headset with LED Display, ENC Mic, IP7 Waterproof for Workout, Running, Gym (2023 New",29.96,4.8
199,"Amazon Basics In-Ear Wired Headphones, Earbuds with Microphone, Black",8.99,4.2
200,TAGRY Bluetooth Headphones True Wireless Earbuds 60H Playback LED Power Display Earphones with Wireless Charging Case IPX5 Waterproof in-Ear Earbuds with Mic for TV Smart Phone Computer Laptop Sports,29.73,4.5
201,GOLREX Bluetooth Headphones Wireless Earbuds 36Hrs Playtime Wireless Charging Case Digital LED Display Over-Ear Earphones with Earhook Waterproof Headset with Mic for Sport Running Workout Black,29.99,4.7
202,"JLab Go Air Pop True Wireless Bluetooth Earbuds + Charging Case | Slate | Dual Connect | IPX4 Sweat Resistance | Bluetooth 5.1 Connection | 3 EQ Sound Settings Signature, Balanced, Bass Boost",19.99,4.4
203,"Lightning to 3.5 mm Headphone Jack Adapter, [Apple MFi Certified] 3 Pack iPhone 3.5mm Headphones/Earphones Jack Aux Audio Dongle Adapter Compatible for iPhone 14 13 12 11 XS XR X 8 7, Support All iOS",10.98,3.8
204,Apple USB-C to 3.5 mm Headphone Jack Adapter,13.99,4.5
205,Wireless Earbuds Bluetooth Headphones 60H Playtime Ear Buds with LED Power Display Charging Case Earphones in-Ear Earbud with Microphone for Android Cell Phone Gaming Computer Laptop Sport Black,25.49,4.8
206,Wireless Earbuds Bluetooth Headphones 130Hrs Playtime with 2500mAh Wireless Charging Case LED Diaplay Hi-Fi Waterproof Over Ear Earphones for Sports Running Workout Gaming,36.99,4.9
207,"Wireless Earbuds, Bluetooth 5.3 Earbuds with 43H Playtime, IPX6 Waterproof Stereo Sound True Wireless Earbuds with Microphone, Bluetooth Headphones for Sport and Working",25.99,4.4
208,sephia SP3060 Earbuds Wired in Ear Headphones with Tangle-Free Cord Noise Isolating Earphones Deep Bass Case Ear Buds 3.5 mm Jack Plug,14.95,4.3
209,"TOZO NC2 Hybrid Active Noise Cancelling Wireless Earbuds, in-Ear Detection Headphones, IPX6 Waterproof Bluetooth 5.2 Stereo Earphones, Immersive Sound Premium Deep Bass Headset, Black",33.98,4.3
210,Apple AirPods (2nd Generation) Wireless Earbuds with Lightning Charging Case Included,91.08,4.8
211,Apple EarPods Headphones with Lightning Connector,16.22,4.6
212,"Apple AirPods Pro (2nd Generation) Wireless Earbuds, Up to 2X More Active Noise Cancelling, Adaptive Transparency, Personalized Spatial Audio, MagSafe Charging Case, Bluetooth Headphones for iPhone",202.76,4.7
213,Apple Lightning to 3.5 mm Headphone Jack Adapter,13.95,4.7
214,"TOZO A1 Mini Wireless Earbuds Bluetooth 5.3 in Ear Light-Weight Headphones Built-in Microphone, IPX5 Waterproof, Immersive Premium Sound Long Distance Connection Headset with Charging Case, Black",15.29,4.3
215,Apple EarPods Headphones with 3.5mm Plug,16.99,4.6
216,TOZO T6 True Wireless Earbuds Bluetooth 5.3 Headphones Touch Control with Wireless Charging Case IPX8 Waterproof Stereo Earphones in-Ear Built-in Mic Headset Premium Deep Bass Black (2022 Upgraded),26.99,4.4
217,"Sony ZX Series Wired On-Ear Headphones, Black MDR-ZX110",6.00,4.5
218,TOZO T10 Bluetooth 5.3 Wireless Earbuds with Wireless Charging Case IPX8 Waterproof Stereo Headphones in Ear Built in Mic Headset Premium Sound with Deep Bass for Sport Black (2022 Upgraded),23.99,4.3
219,JBL VIBE 100 TWS - True Wireless In-Ear Headphones - Black,47.99,4.3
220,"Soundcore Anker Life Q20 Hybrid Active Noise Cancelling Headphones, Wireless Over Ear Bluetooth Headphones, 40H Playtime, Hi-Res Audio, Deep Bass, Memory Foam Ear Cups, for Travel, Home Office",59.99,4.5
221,"[3 Pairs] Replacement Ear Tips for Airpods Pro and Airpods Pro 2nd Generation with Noise Reduction Hole, Silicone Ear Tips for Airpods Pro with Portable Storage Box and Fit in The Charging Case(S/M/L)",9.99,4.3
222,JBL Tune 130NC TWS True Wireless In-Ear Noise Cancelling Headphones - Black,42.99,4.3
223,"Beats Solo3 Wireless On-Ear Headphones - Apple W1 Headphone Chip, Class 1 Bluetooth, 40 Hours of Listening Time, Built-in Microphone - Black (Latest Model)",119.55,4.7
224,TAGRY Bluetooth Headphones True Wireless Earbuds 60H Playback LED Power Display Earphones with Wireless Charging Case IPX5 Waterproof in-Ear Earbuds with Mic for TV Smart Phone Computer Laptop Sports,29.73,4.5
225,"Amazon Basics 3.5 mm Male to Male Stereo Audio Cable, 8 Feet, 2.4 Meters, Speaker",7.19,4.6
226,"Perytong Sleep Headphones Wireless, Bluetooth Sports Headband Headphones with Ultra-Thin HD Stereo Speakers Perfect for Sleeping,Workout,Jogging,Yoga,Insomnia, Air Travel, Meditation, Grey",19.99,4.3
227,"TOZO A3 Wireless Earbuds Bluetooth 5.3 Half in-Ear Lightweight Headsets with Digital Call Noise Reduction,Charging Case with Reset Button Hall Detection,Premium Sound with Long Endurance,White",16.99,4.4
228,"DOBOPO Wireless Earbuds Bluetooth 5.3 Headphones 50Hrs Playtime Sports Earphones Over-Ear Earhooks Headset with LED Display, ENC Mic, IP7 Waterproof for Workout, Running, Gym (2023 New",29.96,4.8
229,"Amazon Basics In-Ear Wired Headphones, Earbuds with Microphone, Black",8.99,4.2
230,TAGRY Bluetooth Headphones True Wireless Earbuds 60H Playback LED Power Display Earphones with Wireless Charging Case IPX5 Waterproof in-Ear Earbuds with Mic for TV Smart Phone Computer Laptop Sports,29.73,4.5
231,GOLREX Bluetooth Headphones Wireless Earbuds 36Hrs Playtime Wireless Charging Case Digital LED Display Over-Ear Earphones with Earhook Waterproof Headset with Mic for Sport Running Workout Black,29.99,4.7
232,"JLab Go Air Pop True Wireless Bluetooth Earbuds + Charging Case | Slate | Dual Connect | IPX4 Sweat Resistance | Bluetooth 5.1 Connection | 3 EQ Sound Settings Signature, Balanced, Bass Boost",19.99,4.4
233,"Lightning to 3.5 mm Headphone Jack Adapter, [Apple MFi Certified] 3 Pack iPhone 3.5mm Headphones/Earphones Jack Aux Audio Dongle Adapter Compatible for iPhone 14 13 12 11 XS XR X 8 7, Support All iOS",10.98,3.8
234,Apple USB-C to 3.5 mm Headphone Jack Adapter,13.99,4.5
235,Wireless Earbuds Bluetooth Headphones 60H Playtime Ear Buds with LED Power Display Charging Case Earphones in-Ear Earbud with Microphone for Android Cell Phone Gaming Computer Laptop Sport Black,25.49,4.8
236,Wireless Earbuds Bluetooth Headphones 130Hrs Playtime with 2500mAh Wireless Charging Case LED Diaplay Hi-Fi Waterproof Over Ear Earphones for Sports Running Workout Gaming,36.99,4.9
237,"Wireless Earbuds, Bluetooth 5.3 Earbuds with 43H Playtime, IPX6 Waterproof Stereo Sound True Wireless Earbuds with Microphone, Bluetooth Headphones for Sport and Working",25.99,4.4
238,sephia SP3060 Earbuds Wired in Ear Headphones with Tangle-Free Cord Noise Isolating Earphones Deep Bass Case Ear Buds 3.5 mm Jack Plug,14.95,4.3
239,"TOZO NC2 Hybrid Active Noise Cancelling Wireless Earbuds, in-Ear Detection Headphones, IPX6 Waterproof Bluetooth 5.2 Stereo Earphones, Immersive Sound Premium Deep Bass Headset, Black",33.98,4.3
240,Apple AirPods (2nd Generation) Wireless Earbuds with Lightning Charging Case Included,91.08,4.8
241,Apple EarPods Headphones with Lightning Connector,16.22,4.6
242,"Apple AirPods Pro (2nd Generation) Wireless Earbuds, Up to 2X More Active Noise Cancelling, Adaptive Transparency, Personalized Spatial Audio, MagSafe Charging Case, Bluetooth Headphones for iPhone",202.76,4.7
243,Apple Lightning to 3.5 mm Headphone Jack Adapter,13.95,4.7
244,"TOZO A1 Mini Wireless Earbuds Bluetooth 5.3 in Ear Light-Weight Headphones Built-in Microphone, IPX5 Waterproof, Immersive Premium Sound Long Distance Connection Headset with Charging Case, Black",15.29,4.3
245,Apple EarPods Headphones with 3.5mm Plug,16.99,4.6
246,TOZO T6 True Wireless Earbuds Bluetooth 5.3 Headphones Touch Control with Wireless Charging Case IPX8 Waterproof Stereo Earphones in-Ear Built-in Mic Headset Premium Deep Bass Black (2022 Upgraded),26.99,4.4
247,"Sony ZX Series Wired On-Ear Headphones, Black MDR-ZX110",6.00,4.5
248,TOZO T10 Bluetooth 5.3 Wireless Earbuds with Wireless Charging Case IPX8 Waterproof Stereo Headphones in Ear Built in Mic Headset Premium Sound with Deep Bass for Sport Black (2022 Upgraded),23.99,4.3
249,JBL VIBE 100 TWS - True Wireless In-Ear Headphones - Black,47.99,4.3
250,"Soundcore Anker Life Q20 Hybrid Active Noise Cancelling Headphones, Wireless Over Ear Bluetooth Headphones, 40H Playtime, Hi-Res Audio, Deep Bass, Memory Foam Ear Cups, for Travel, Home Office",59.99,4.5
251,"[3 Pairs] Replacement Ear Tips for Airpods Pro and Airpods Pro 2nd Generation with Noise Reduction Hole, Silicone Ear Tips for Airpods Pro with Portable Storage Box and Fit in The Charging Case(S/M/L)",9.99,4.3
252,JBL Tune 130NC TWS True Wireless In-Ear Noise Cancelling Headphones - Black,42.99,4.3
253,"Beats Solo3 Wireless On-Ear Headphones - Apple W1 Headphone Chip, Class 1 Bluetooth, 40 Hours of Listening Time, Built-in Microphone - Black (Latest Model)",119.55,4.7
254,TAGRY Bluetooth Headphones True Wireless Earbuds 60H Playback LED Power Display Earphones with Wireless Charging Case IPX5 Waterproof in-Ear Earbuds with Mic for TV Smart Phone Computer Laptop Sports,29.73,4.5
255,"Amazon Basics 3.5 mm Male to Male Stereo Audio Cable, 8 Feet, 2.4 Meters, Speaker",7.19,4.6
256,"Perytong Sleep Headphones Wireless, Bluetooth Sports Headband Headphones with Ultra-Thin HD Stereo Speakers Perfect for Sleeping,Workout,Jogging,Yoga,Insomnia, Air Travel, Meditation, Grey",19.99,4.3
257,"TOZO A3 Wireless Earbuds Bluetooth 5.3 Half in-Ear Lightweight Headsets with Digital Call Noise Reduction,Charging Case with Reset Button Hall Detection,Premium Sound with Long Endurance,White",16.99,4.4
258,"DOBOPO Wireless Earbuds Bluetooth 5.3 Headphones 50Hrs Playtime Sports Earphones Over-Ear Earhooks Headset with LED Display, ENC Mic, IP7 Waterproof for Workout, Running, Gym (2023 New",29.96,4.8
259,"Amazon Basics In-Ear Wired Headphones, Earbuds with Microphone, Black",8.99,4.2
260,TAGRY Bluetooth Headphones True Wireless Earbuds 60H Playback LED Power Display Earphones with Wireless Charging Case IPX5 Waterproof in-Ear Earbuds with Mic for TV Smart Phone Computer Laptop Sports,29.73,4.5
261,GOLREX Bluetooth Headphones Wireless Earbuds 36Hrs Playtime Wireless Charging Case Digital LED Display Over-Ear Earphones with Earhook Waterproof Headset with Mic for Sport Running Workout Black,29.99,4.7
262,"JLab Go Air Pop True Wireless Bluetooth Earbuds + Charging Case | Slate | Dual Connect | IPX4 Sweat Resistance | Bluetooth 5.1 Connection | 3 EQ Sound Settings Signature, Balanced, Bass Boost",19.99,4.4
263,"Lightning to 3.5 mm Headphone Jack Adapter, [Apple MFi Certified] 3 Pack iPhone 3.5mm Headphones/Earphones Jack Aux Audio Dongle Adapter Compatible for iPhone 14 13 12 11 XS XR X 8 7, Support All iOS",10.98,3.8
264,Apple USB-C to 3.5 mm Headphone Jack Adapter,13.99,4.5
265,Wireless Earbuds Bluetooth Headphones 60H Playtime Ear Buds with LED Power Display Charging Case Earphones in-Ear Earbud with Microphone for Android Cell Phone Gaming Computer Laptop Sport Black,25.49,4.8
266,Wireless Earbuds Bluetooth Headphones 130Hrs Playtime with 2500mAh Wireless Charging Case LED Diaplay Hi-Fi Waterproof Over Ear Earphones for Sports Running Workout Gaming,36.99,4.9
267,"Wireless Earbuds, Bluetooth 5.3 Earbuds with 43H Playtime, IPX6 Waterproof Stereo Sound True Wireless Earbuds with Microphone, Bluetooth Headphones for Sport and Working",25.99,4.4
268,sephia SP3060 Earbuds Wired in Ear Headphones with Tangle-Free Cord Noise Isolating Earphones Deep Bass Case Ear Buds 3.5 mm Jack Plug,14.95,4.3
269,"TOZO NC2 Hybrid Active Noise Cancelling Wireless Earbuds, in-Ear Detection Headphones, IPX6 Waterproof Bluetooth 5.2 Stereo Earphones, Immersive Sound Premium Deep Bass Headset, Black",33.98,4.3
270,Apple AirPods (2nd Generation) Wireless Earbuds with Lightning Charging Case Included,91.08,4.8
271,Apple EarPods Headphones with Lightning Connector,16.22,4.6
272,"Apple AirPods Pro (2nd Generation) Wireless Earbuds, Up to 2X More Active Noise Cancelling, Adaptive Transparency, Personalized Spatial Audio, MagSafe Charging Case, Bluetooth Headphones for iPhone",202.76,4.7
273,Apple Lightning to 3.5 mm Headphone Jack Adapter,13.95,4.7
274,"TOZO A1 Mini Wireless Earbuds Bluetooth 5.3 in Ear Light-Weight Headphones Built-in Microphone, IPX5 Waterproof, Immersive Premium Sound Long Distance Connection Headset with Charging Case, Black",15.29,4.3
275,Apple EarPods Headphones with 3.5mm Plug,16.99,4.6
276,TOZO T6 True Wireless Earbuds Bluetooth 5.3 Headphones Touch Control with Wireless Charging Case IPX8 Waterproof Stereo Earphones in-Ear Built-in Mic Headset Premium Deep Bass Black (2022 Upgraded),26.99,4.4
277,"Sony ZX Series Wired On-Ear Headphones, Black MDR-ZX110",6.00,4.5
278,TOZO T10 Bluetooth 5.3 Wireless Earbuds with Wireless Charging Case IPX8 Waterproof Stereo Headphones in Ear Built in Mic Headset Premium Sound with Deep Bass for Sport Black (2022 Upgraded),23.99,4.3
279,JBL VIBE 100 TWS - True Wireless In-Ear Headphones - Black,47.99,4.3
280,"Soundcore Anker Life Q20 Hybrid Active Noise Cancelling Headphones, Wireless Over Ear Bluetooth Headphones, 40H Playtime, Hi-Res Audio, Deep Bass, Memory Foam Ear Cups, for Travel, Home Office",59.99,4.5
281,"[3 Pairs] Replacement Ear Tips for Airpods Pro and Airpods Pro 2nd Generation with Noise Reduction Hole, Silicone Ear Tips for Airpods Pro with Portable Storage Box and Fit in The Charging Case(S/M/L)",9.99,4.3
282,JBL Tune 130NC TWS True Wireless In-Ear Noise Cancelling Headphones - Black,42.99,4.3
283,"Beats Solo3 Wireless On-Ear Headphones - Apple W1 Headphone Chip, Class 1 Bluetooth, 40 Hours of Listening Time, Built-in Microphone - Black (Latest Model)",119.55,4.7
284,TAGRY Bluetooth Headphones True Wireless Earbuds 60H Playback LED Power Display Earphones with Wireless Charging Case IPX5 Waterproof in-Ear Earbuds with Mic for TV Smart Phone Computer Laptop Sports,29.73,4.5
285,"Amazon Basics 3.5 mm Male to Male Stereo Audio Cable, 8 Feet, 2.4 Meters, Speaker",7.19,4.6
286,"Perytong Sleep Headphones Wireless, Bluetooth Sports Headband Headphones with Ultra-Thin HD Stereo Speakers Perfect for Sleeping,Workout,Jogging,Yoga,Insomnia, Air Travel, Meditation, Grey",19.99,4.3
287,"TOZO A3 Wireless Earbuds Bluetooth 5.3 Half in-Ear Lightweight Headsets with Digital Call Noise Reduction,Charging Case with Reset Button Hall Detection,Premium Sound with Long Endurance,White",16.99,4.4
288,"DOBOPO Wireless Earbuds Bluetooth 5.3 Headphones 50Hrs Playtime Sports Earphones Over-Ear Earhooks Headset with LED Display, ENC Mic, IP7 Waterproof for Workout, Running, Gym (2023 New",29.96,4.8
289,"Amazon Basics In-Ear Wired Headphones, Earbuds with Microphone, Black",8.99,4.2
290,TAGRY Bluetooth Headphones True Wireless Earbuds 60H Playback LED Power Display Earphones with Wireless Charging Case IPX5 Waterproof in-Ear Earbuds with Mic for TV Smart Phone Computer Laptop Sports,29.73,4.5
291,GOLREX Bluetooth Headphones Wireless Earbuds 36Hrs Playtime Wireless Charging Case Digital LED Display Over-Ear Earphones with Earhook Waterproof Headset with Mic for Sport Running Workout Black,29.99,4.7
292,"JLab Go Air Pop True Wireless Bluetooth Earbuds + Charging Case | Slate | Dual Connect | IPX4 Sweat Resistance | Bluetooth 5.1 Connection | 3 EQ Sound Settings Signature, Balanced, Bass Boost",19.99,4.4
293,"Lightning to 3.5 mm Headphone Jack Adapter, [Apple MFi Certified] 3 Pack iPhone 3.5mm Headphones/Earphones Jack Aux Audio Dongle Adapter Compatible for iPhone 14 13 12 11 XS XR X 8 7, Support All iOS",10.98,3.8
294,Apple USB-C to 3.5 mm Headphone Jack Adapter,13.99,4.5
295,Wireless Earbuds Bluetooth Headphones 60H Playtime Ear Buds with LED Power Display Charging Case Earphones in-Ear Earbud with Microphone for Android Cell Phone Gaming Computer Laptop Sport Black,25.49,4.8
296,Wireless Earbuds Bluetooth Headphones 130Hrs Playtime with 2500mAh Wireless Charging Case LED Diaplay Hi-Fi Waterproof Over Ear Earphones for Sports Running Workout Gaming,36.99,4.9
297,"Wireless Earbuds, Bluetooth 5.3 Earbuds with 43H Playtime, IPX6 Waterproof Stereo Sound True Wireless Earbuds with Microphone, Bluetooth Headphones for Sport and Working",25.99,4.4
298,sephia SP3060 Earbuds Wired in Ear Headphones with Tangle-Free Cord Noise Isolating Earphones Deep Bass Case Ear Buds 3.5 mm Jack Plug,14.95,4.3
299,"TOZO NC2 Hybrid Active Noise Cancelling Wireless Earbuds, in-Ear Detection Headphones, IPX6 Waterproof Bluetooth 5.2 Stereo Earphones, Immersive Sound Premium Deep Bass Headset, Black",33.98,4.3
